Workbook
Name No.1: [1]Variables!$B$1
Name RecD: [1]Variables!$B$5
Name room: '[2]プルダウンメニュー(削除不可）'!$B$84:$B$89

Sheet 73, IEC62552.2015 COVER
I4: File No.; | AA4: for only confirmation
B5: Class | I5: Date; | J5: 44308 | AA5: not filing.
C6: Refrigarator-freezer | I6: Dept.; | J6: Global. Ref. Eng. Div./ MA Business Unit
B9: Title | C9: Measurement the volume
M10: Sharp brand Refrigerator - Freezer (Household use only)
B12: Theme
C13: We measure the total volume of model: SJ-PV73K/KW-**, SJ-GV73J/JW-**.
C14: （in accordance with IEC 62552:2015)
B16: Result | N16: (Unit; l / Litter )
C17: SJ-PV73K/KW-**, SJ-GV73J/JW-**
D19: TOTAL VOLUME | R19: in case Round F | T19: Measure － Rated | V19: Measure ／ Rated
D20: compartment | F20: Measurement | H20: Rated Volume | T20: A-B:Difference | V20: A/B：Ratio | Y20: sum of diff. | Z20: diff.(%) | AA20: sum of diff.(%)
D21: Food freezer compartment | F21: ='73, IEC62552.2015'!K9 -> 181.8 | H21: =IF(H$23=ROUND(F$21,0)+ROUND(F$22,0),ROUND(F$21,0),IF($Y$21<$Y$27,ROUND(F$21,0),IF($Y$21=$Y$27,IF($AA$21<$AA$27,ROUND(F$21,0),H$23-ROUND(F$22,0)),H$23-ROUND(F$22,0)))) -> 182 | Q21: =R21=H21 -> TRUE | R21: =ROUND(F21,0) -> 182 | S21: F | T21: =F21-R21 -> -0.2 | V21: =F21/R21 -> 0.9989011 | Y21: =ROUND(ABS(T21)+ABS(T22),1) -> 0.6 | Z21: =ABS(1-V21) -> 0.0010989011 | AA21: =Z21+Z22 -> 0.0021627309
D22: Fresh food compartment | F22: ='73, IEC62552.2015'!K10 -> 376.4 | H22: =IF(H$23=ROUND(F$21,0)+ROUND(F$22,0),ROUND(F$22,0),IF($Y$21<$Y$27,H$23-ROUND(F$21,0),IF($Y$21=$Y$27,IF($AA$21<$AA$27,H$23-ROUND(F$21,0),ROUND(F$22,0)),ROUND(F$22,0)))) -> 376 | Q22: =R22=H22 -> TRUE | R22: =R23-R21 -> 376 | S22: R | T22: =F22-R22 -> 0.4 | V22: =F22/R22 -> 1.0010638 | Z22: =ABS(1-V22) -> 0.0010638298
D23: Total volume | F23: =F21+F22 -> 558.2 | H23: =ROUND(F23,0) -> 558 | Q23: =R23=H23 -> TRUE | R23: =H23 -> 558 | S23: TOTAL | T23: =F23-R23 -> 0.2 | V23: =F23/R23 -> 1.0003584
R25: in case Round R | T25: Measure － Rated | V25: Measure ／ Rated
T26: A-B:Difference | V26: A/B：Ratio
Q27: =R27=H21 -> TRUE | R27: =R29-R28 -> 182 | S27: F | T27: =F21-R27 -> -0.2 | V27: =F21/R27 -> 0.9989011 | Y27: =ROUND(ABS(T27)+ABS(T28),1) -> 0.6 | Z27: =ABS(1-V27) -> 0.0010989011 | AA27: =Z27+Z28 -> 0.0021627309
Q28: =R28=H22 -> TRUE | R28: =ROUND(F22,0) -> 376 | S28: R | T28: =F22-R28 -> 0.4 | V28: =F22/R28 -> 1.0010638 | Z28: =ABS(1-V28) -> 0.0010638298
Q29: =R29=H23 -> TRUE | R29: =H23 -> 558 | S29: TOTAL | T29: =F23-R29 -> 0.2 | V29: =F23/R29 -> 1.0003584
B41: Conclusion | D41: Result of the measured Rated Volume complied with the IEC 62552:2015.
B51: Comment

Sheet 73, IEC62552.2015
D7: PV73K/KW, GV73J/JW TYPE VOLUME | K7: IEC62552:2015
K8: VOLUME
H9: FROZEN FOOD | K9: =K79 -> 181.8
H10: FRESH FOOD | K10: =K183 -> 376.4
H11: TOTAL | K11: =K9+K10 -> 558.2
D13: FROZEN FOOD
C14: NO. | D14: LOCATION | E14: ADD/MINUS | F14: DIMENSION(mm) | I14: VOLUME (L) | K14: IEC62552:2015
E15: Q'ty | F15: WIDTH | G15: HEIGHT | H15: DEPTH | K15: VOLUME
C16: F1 | D16: MAIN 1 | E16: 1 | F16: 630.6 | G16: 405.5 | H16: 462.5 | I16: =(E16*F16*G16*H16)/1000000 -> 118.26509 | K16: =I16 -> 118.26509
C17: F2 | D17: MAIN 2 | E17: 1 | F17: 630.6 | G17: 231.8 | H17: 358.5 | I17: =(E17*F17*G17*H17)/1000000 -> 52.403049 | K17: =I17 -> 52.403049
C18: F3 | D18: MAIN 3 | E18: 1 | F18: 630.6 | G18: 32.4 | H18: 47.1 | I18: =(E18*F18*G18*H18)/1000000 -> 0.96232082 | K18: =I18 -> 0.96232082
C19: F4 | D19: F DOOR LINER | E19: 1 | F19: 647.5 | G19: 604.9 | H19: 19 | I19: =(E19*F19*G19*H19)/1000000 -> 7.4417823 | K19: =I19 -> 7.4417823
C20: F5 | D20: F DOOR LINER TOP GAP | E20: 1 | F20: 664.1 | G20: 8.8 | H20: 5 | I20: =(E20*F20*G20*H20)/1000000 -> 0.0292204 | K20: =I20 -> 0.0292204
C21: F6 | D21: F DOOR LINER CONVEX | E21: -3 | F21: 558.5 | G21: 164.7 | H21: 4 | I21: =(E21*F21*G21*H21)/1000000 -> -1.1038194 | K21: =I21 -> -1.1038194
C22: F7 | D22: C-PART BACK | E22: 1 | F22: 630.6 | G22: 37.5 | H22: 299 | I22: =(E22*F22*G22*H22)/1000000 -> 7.0706025 | K22: =I22 -> 7.0706025
C23: F8 | D23: C-PART SIDE 1 | E23: 2 | F23: 32.8 | G23: 37.5 | H23: 119 | I23: =(E23*F23*G23*H23)/1000000 -> 0.29274 | K23: =I23 -> 0.29274
C24: F9 | D24: C-PART SIDE 2 | E24: 2 | F24: 32.8 | G24: 29.5 | H24: 26.4 | I24: =(E24*F24*G24*H24)/1000000 -> 0.05108928 | K24: =I24 -> 0.05108928
C25: F10 | D25: FAN LOUVER SIDE | E25: 2 | F25: 42 | G25: 439.1 | H25: 12 | I25: =(E25*F25*G25*H25)/1000000 -> 0.4426128 | K25: =I25 -> 0.4426128
C26: F11 | D26: LAMP AREA | E26: 1 | F26: 190.4 | G26: 19 | H26: 32.1 | I26: =(E26*F26*G26*H26)/1000000 -> 0.11612496 | K26: =I26 -> 0.11612496
C27: F12 | D27: FOOD LINER RAIL CONVEX | E27: -4 | F27: 8 | G27: 12 | H27: 468.6 | I27: =(E27*F27*G27*H27)/1000000 -> -0.1799424 | K27: =I27 -> -0.1799424
... C30: F15 | D30: FOOD LINER RAIL CONCAVE | E30: 2 | F30: 6.2 | G30: 47 | H30: 344.7 | I30: =(E30*F30*G30*H30)/1000000 -> 0.20089116 | K30: =I30 -> 0.20089116
C31: F16 | D31: FOOD LINER RAIL CONVEX :2007
C32: F17 | D32: FOOD LINER RAIL CONVEX :2007
C33: F18 | D33: GAP CAB～DOOR | E33: 1 | F33: 681.8 | G33: 646.4 | H33: 17 | I33: =(E33*F33*G33*H33)/1000000 -> 7.4921638 | K33: =I33 -> 7.4921638
E34: -1 | F34: 664.1 | G34: 622.8 | H34: 17 | I34: =(E34*F34*G34*H34)/1000000 -> -7.0312252 | K34: =I34 -> -7.0312252
C35: F19 | D35: GAP CAB～DOOR | E35: 2 | F35: 17.5 | G35: 646.4 | H35: 5.9 | I35: =(E35*F35*G35*H35)/1000000 -> 0.1334816 | K35: =I35 -> 0.1334816
C36: F20 | D36: FAN LOUVER 1 | E36: -1 | F36: 333.6 | G36: 44.3 | H36: 63.5 | I36: =(E36*F36*G36*H36)/1000000 -> -0.93843348 | K36: =I36 -> -0.93843348
C37: F21 | D37: FAN LOUVER 2 :2015 | E37: 1 | F37: 333.6 | G37: 15.6 | H37: 63.5 | I37: =(E37*F37*G37*H37)/1000000 -> 0.33046416 | K37: =I37 -> 0.33046416
C38: F22 | D38: FAN LOUVER 3 :2015 | E38: 1 | F38: 333.6 | G38: 5 | H38: 25.5 | I38: =(E38*F38*G38*H38)/1000000 -> 0.042534 | K38: =I38 -> 0.042534
C39: F23 | D39: FAN LOUVER 4 | E39: -1 | F39: 333.6 | G39: 102.7 | H39: 41.5 | I39: =(E39*F39*G39*H39)/1000000 -> -1.4218199 | K39: =I39 -> -1.4218199
C40: F24 | D40: FAN LOUVER 5 :2015 | E40: 1 | F40: 333.6 | G40: 29.7 | H40: 23 | I40: =(E40*F40*G40*H40)/1000000 -> 0.22788216 | K40: =I40 -> 0.22788216
C41: F25 | D41: FAN LOUVER 6 | E41: -1 | F41: 345.1 | G41: 61.1 | H41: 41.5 | I41: =(E41*F41*G41*H41)/1000000 -> -0.87505282 | K41: =I41 -> -0.87505282
C42: F26 | D42: FAN LOUVER 7 | E42: -1 | F42: 345.1 | G42: 8.2 | H42: 4.2 | I42: =(E42*F42*G42*H42)/1000000 -> -0.011885244 | K42: =I42 -> -0.011885244
C43: F27 | D43: FAN LOUVER 8 | E43: -1 | F43: 345.1 | G43: 12.7 | H43: 11 | I43: =(E43*F43*G43*H43)/1000000 -> -0.04821047 | K43: =I43 -> -0.04821047
C44: F28 | D44: FAN LOUVER 9 | E44: -1 | F44: 345.1 | G44: 19.2 | H44: 22 | I44: =(E44*F44*G44*H44)/1000000 -> -0.14577024 | K44: =I44 -> -0.14577024
C45: F29 | D45: FAN LOUVER 10 | E45: -1 | F45: 345.1 | G45: 152.5 | H45: 8 | I45: =(E45*F45*G45*H45)/1000000 -> -0.421022 | K45: =I45 -> -0.421022
C46: F30 | D46: FAN LOUVER 11 | E46: -1 | F46: 345.1 | G46: 18 | H46: 8.3 | I46: =(E46*F46*G46*H46)/1000000 -> -0.05155794 | K46: =I46 -> -0.05155794
... C51: F35 | D51: FAN LOUVER 16 | E51: -1 | F51: 345.1 | G51: 8.9 | H51: 28 | I51: =(E51*F51*G51*H51)/1000000 -> -0.08599892 | K51: =I51 -> -0.08599892
C52: F36 | D52: FAN LOUVER 17 :2007
C53: F37 | D53: FAN LOUVER 18 | E53: -1 | F53: 540.4 | G53: 36.6 | H53: 28.3 | I53: =(E53*F53*G53*H53)/1000000 -> -0.55973551 | K53: =I53 -> -0.55973551
C54: F38 | D54: FAN LOUVER 19 :2007
C55: F39 | D55: FAN LOUVER 20 :2015 | E55: 1 | F55: 11.2 | G55: =21.8+4.1 -> 25.9 | H55: 25.5 | I55: =(E55*F55*G55*H55)/1000000 -> 0.00739704 | K55: =I55 -> 0.00739704
C56: F40 | D56: FAN LOUVER 21 :2015 | E56: 1 | F56: 22.8 | G56: 44.6 | H56: 38 | I56: =(E56*F56*G56*H56)/1000000 -> 0.03864144 | K56: =I56 -> 0.03864144
C57: F41 | D57: FAN LOUVER 22: :2015 | E57: -1 | F57: 7.8 | G57: 7.8 | H57: 38 | I57: =(E57*F57*G57*H57)/1000000 -> -0.00231192 | K57: =I57 -> -0.00231192
C58: F42 | D58: FOOD LINER CORNER | E58: -2 | F58: 14 | G58: 6.6 | H58: =54+88.2+103.5 -> 245.7 | I58: =(E58*F58*G58*H58)/1000000 -> -0.04540536 | K58: =I58 -> -0.04540536
C59: F43 | D59: EVA ROOM :2007
C60: F44 | D60: EVA ROOM :2007
C61: F45 | D61: EVA ROOM :2007
C62: F46 | D62: EVA ROOM :2007
C63: F47 | D63: EVA ROOM :2007
C64: F48 | D64: EVA ROOM :2007
C65: F49 | D65: EVA ROOM :2007
C66: F50 | D66: EVA ROOM :2007
C67: F51 | D67: EVA ROOM :2007
C68: F52 | D68: DRIP TRAY :2007
C69: F53 | D69: DRIP TRAY :2007
C70: F54 | D70: EVA ROOM :2007
... C78: F62 | D78: EVA ROOM :2007
K79: =ROUND(SUM(K16:K78),1) -> 181.8
D82: FRESH FOOD
C83: NO. | D83: LOCATION | E83: ADD/MINUS | F83: DIMENSION(mm) | I83: VOLUME (L) | K83: IEC62552:2015
F84: WIDTH | G84: HIGHT | H84: DEPTH | K84: VOLUME
C85: R1 | D85: MAIN 1 | E85: 1 | F85: 681.2 | G85: 943.2 | H85: 565.5 | I85: =(E85*F85*G85*H85)/1000000 -> 363.33818 | K85: =I85 -> 363.33818
C86: R2 | D86: FOOD LINER BACK SIDE CORNER | E86: -2 | F86: 46.3 | G86: 895.4 | H86: 15.1 | I86: =(E86*F86*G86*H86)/1000000 -> -1.252002 | K86: =I86 -> -1.252002
C87: R3 | D87: FOOD LINER BACK TOP CORNER | E87: -1 | F87: 676.5 | G87: 22.8 | H87: 45.5 | I87: =(E87*F87*G87*H87)/1000000 -> -0.7018011 | K87: =I87 -> -0.7018011
C88: R4 | D88: FOOD LINER CORNER | E88: -2 | F88: 20.1 | G88: 10.1 | H88: 520 | I88: =(E88*F88*G88*H88)/1000000 -> -0.2111304 | K88: =I88 -> -0.2111304
C89: R5 | D89: FOOD LINER TOP TRIANGLE | E89: -1 | F89: 588 | G89: 0.5 | H89: 457.8 | I89: =(E89*F89*G89*H89)/1000000 -> -0.1345932 | K89: =I89 -> -0.1345932
C90: R6 | D90: FOOD LINER SIDE TRIANGLE L/R | E90: -2 | F90: 0.5 | G90: =42+56+126+84 -> 308 | H90: 400.8 | I90: =(E90*F90*G90*H90)/1000000 -> -0.1234464 | K90: =I90 -> -0.1234464
C91: R7 | D91: FOOD LINER CONVEX | E91: -2 | F91: 3.4 | G91: 153 | H91: 494.9 | I91: =(E91*F91*G91*H91)/1000000 -> -0.51489396 | K91: =I91 -> -0.51489396
C92: R7.1 | D92: FOOD LINER CONVEX | E92: -2 | F92: 3.4 | G92: 47 | H92: 28.9 | I92: =(E92*F92*G92*H92)/1000000 -> -0.00923644 | K92: =I92 -> -0.00923644
C93: R7.2 | D93: FOOD LINER CONVEX | E93: -2 | F93: 3.4 | G93: 36.1 | H93: 494.9 | I93: =(E93*F93*G93*H93)/1000000 -> -0.12148805 | K93: =I93 -> -0.12148805
C94: R7.3 | D94: FOOD LINER CONCAVE | E94: 2 | F94: 3.4 | G94: 11.6 | H94: 100 | I94: =(E94*F94*G94*H94)/1000000 -> 0.007888 | K94: =I94 -> 0.007888
C95: R7.4 | D95: FOOD LINER CONVEX | E95: -2 | F95: 3.4 | G95: 47 | H95: 100.8 | I95: =(E95*F95*G95*H95)/1000000 -> -0.03221568 | K95: =I95 -> -0.03221568
C96: R8 | D96: R DOOR LINER UPPER1 | E96: 1 | F96: 646.2 | G96: 142 | H96: 59 | I96: =(E96*F96*G96*H96)/1000000 -> 5.4138636 | K96: =I96 -> 5.4138636
C97: R9 | D97: R DOOR LINER UPPER2 | E97: 1 | F97: 646.2 | G97: 2.3 | H97: 14 | I97: =(E97*F97*G97*H97)/1000000 -> 0.02080764 | K97: =I97 -> 0.02080764
C98: R10 | D98: R DOOR LINER LOWER1 | E98: 1 | F98: 646.2 | G98: 374 | H98: 59 | I98: =(E98*F98*G98*H98)/1000000 -> 14.259049 | K98: =I98 -> 14.259049
C99: R11 | D99: R DOOR LINER LOWER2 | E99: 1 | F99: 646.2 | G99: 355.8 | H99: 54 | I99: =(E99*F99*G99*H99)/1000000 -> 12.41557 | K99: =I99 -> 12.41557
C100: R12 | D100: R DOOR LINER LOWER3 | E100: 1 | F100: 646.2 | G100: 2.8 | H100: 13.7 | I100: =(E100*F100*G100*H100)/1000000 -> 0.024788232 | K100: =I100 -> 0.024788232
C101: R13 | D101: R DOOR LINER GAP | E101: 1 | F101: 561.1 | G101: 11.8 | H101: 8.5 | I101: =(E101*F101*G101*H101)/1000000 -> 0.05627833 | K101: =I101 -> 0.05627833
C102: R14 | D102: R DOOR LINER BACK SIDE CORNER | E102: -2 | F102: 9.7 | G102: =610.1+72.2 -> 682.3 | H102: 4.9 | I102: =(E102*F102*G102*H102)/1000000 -> -0.064859438 | K102: =I102 -> -0.064859438
C103: R15 | D103: R DOOR LINER BACK TOP CORNER | E103: -2 | F103: 644.8 | G103: 9.7 | H103: 4.9 | I103: =(E103*F103*G103*H103)/1000000 -> -0.061294688 | K103: =I103 -> -0.061294688
C104: R16 | D104: R DOOR LINER BACK BOTTOM CORNER | E104: -2 | F104: 617.2 | G104: 9.7 | H104: 4.9 | I104: =(E104*F104*G104*H104)/1000000 -> -0.058671032 | K104: =I104 -> -0.058671032
C105: R17 | D105: R DOOR LINER UPPER BACK CONVEX | E105: -2 | F105: 14 | G105: 68 | H105: 17 | I105: =(E105*F105*G105*H105)/1000000 -> -0.032368 | K105: =I105 -> -0.032368
C106: R18 | D106: R DOOR LINER LOWER BACK CONVEX | E106: -2 | F106: 13.5 | G106: 114.4 | H106: 12 | I106: =(E106*F106*G106*H106)/1000000 -> -0.0370656 | K106: =I106 -> -0.0370656
C107: R19 | D107: R DOOR LINER POCKET CONVEX | E107: -10 | F107: 8.8 | G107: 22 | H107: 15 | I107: =(E107*F107*G107*H107)/1000000 -> -0.02904 | K107: =I107 -> -0.02904
C108: R20 | D108: R DOOR LINER POCKET CONVEX BACK | E108: -4 | F108: 8.8 | G108: 22 | H108: 16.5 | I108: =(E108*F108*G108*H108)/1000000 -> -0.0127776 | K108: =I108 -> -0.0127776
C109: R21 | D109: R SHOWER DUCT 1 | E109: -1 | F109: 233.2 | G109: 586.6 | H109: 27.6 | I109: =(E109*F109*G109*H109)/1000000 -> -3.7755453 | K109: =I109 -> -3.7755453
C110: R22 | D110: R SHOWER DUCT 2 | E110: -2 | F110: 183.6 | G110: 586.6 | H110: 22.5 | I110: =(E110*F110*G110*H110)/1000000 -> -4.8464892 | K110: =I110 -> -4.8464892
C111: R23 | D111: R SHOWER DUCT 3 | E111: -2 | F111: 38.5 | G111: 575.4 | H111: 2.1 | I111: =(E111*F111*G111*H111)/1000000 -> -0.09304218 | K111: =I111 -> -0.09304218
C112: R24 | D112: R SHOWER DUCT 1+21.6mm | E112: -1 | F112: 233.2 | G112: 11.5 | H112: =27.6+21.6 -> 49.2 | I112: =(E112*F112*G112*H112)/1000000 -> -0.13194456 | K112: =I112 -> -0.13194456
C113: R25 | D113: R SHOWER DUCT 2+21.6mm | E113: -2 | F113: =183.6-30.3 -> 153.3 | G113: 11.5 | H113: =22.5+21.6 -> 44.1 | I113: =(E113*F113*G113*H113)/1000000 -> -0.15549219 | K113: =I113 -> -0.15549219
C114: R26 | D114: R SHOWER DUCT 1, RIB(35.8-27.6) | E114: -1 | F114: 233.2 | G114: 1.9 | H114: =35.8-27.6 -> 8.2 | I114: =(E114*F114*G114*H114)/1000000 -> -0.003633256 | K114: =I114 -> -0.003633256
C115: R27 | D115: R SHOWER DUCT 2, RIB(35.8-22.5) | E115: -2 | F115: =183.6 -> 183.6 | G115: 1.9 | H115: =35.8-22.5 -> 13.3 | I115: =(E115*F115*G115*H115)/1000000 -> -0.009279144 | K115: =I115 -> -0.009279144
C116: R28 | D116: R-C BOX 1 | E116: -1 | F116: 453 | G116: 48.9 | H116: 18.9 | I116: =(E116*F116*G116*H116)/1000000 -> -0.41866713 | K116: =I116 -> -0.41866713
C117: R29 | D117: R-C BOX 2 | E117: -1 | F117: 453 | G117: 42.9 | H117: 19.7 | I117: =(E117*F117*G117*H117)/1000000 -> -0.38284389 | K117: =I117 -> -0.38284389
C118: R30 | D118: R-C BOX 3 | E118: -1 | F118: 315.8 | G118: 130.6 | H118: 18.9 | I118: =(E118*F118*G118*H118)/1000000 -> -0.77950177 | K118: =I118 -> -0.77950177
C119: R31 | D119: R-C BOX 4 | E119: -1 | F119: 305.2 | G119: 130.6 | H119: 19.7 | I119: =(E119*F119*G119*H119)/1000000 -> -0.78522466 | K119: =I119 -> -0.78522466
C120: R32 | D120: R-C BOX 5 | E120: -1 | F120: 274.7 | G120: 24.1 | H120: 42.4 | I120: =(E120*F120*G120*H120)/1000000 -> -0.28069945 | K120: =I120 -> -0.28069945
C121: R33 | D121: R-C BOX 6 RIB | E121: -1 | F121: =254.1+68.2*2+18.9*2 -> 428.3 | G121: 2.3 | H121: 5 | I121: =(E121*F121*G121*H121)/1000000 -> -0.00492545 | K121: =I121 -> -0.00492545
C122: R34 | D122: R-C BOX 7 | E122: -1 | F122: 531.9 | G122: 126.4 | H122: 83 | I122: =(E122*F122*G122*H122)/1000000 -> -5.5802693 | K122: =I122 -> -5.5802693
...

Sheet 73, IEC62552.2007 COVER
I4: File No.; | AA4: for only confirmation
B5: Class | I5: Date; | J5: 44308 | AA5: not filing.
C6: Refrigarator-freezer | I6: Dept.; | J6: Global. Ref. Eng. Div./ MA Business Unit
B9: Title | C9: Measurement the volume
M10: Sharp brand Refrigerator - Freezer (Household use only)
B12: Theme
C13: We measure the gross volume and storage volume of model: SJ-PV73K/KW-**, SJ-GV73J/JW-**.
C14: （in accordance with IEC 62552:2007)
B16: Result | N16: (Unit; l / Litter )
C17: SJ-PV73K/KW-**, SJ-GV73J/JW-**
D19: GROSS VOLUME | R19: Measure － Rated | T19: Measure ／ Rated
D20: compartment | F20: Measurement | H20: Rated Volume | R20: A-B:Difference | T20: A/B：Ratio
D21: Food freezer compartment | F21: ='73, IEC62552 2007'!K9 -> 206.9 | H21: =ROUND(F21,0) -> 207 | Q21: F | R21: =F21-H21 -> -0.1 | T21: =F21/H21 -> 0.99951691
D22: Fresh food compartment | F22: ='73, IEC62552 2007'!K10 -> 393.9 | H22: =ROUND(F22,0) -> 394 | Q22: R | R22: =F22-H22 -> -0.1 | T22: =F22/H22 -> 0.99974619
D23: Total | H23: =H21+H22 -> 601 | Q23: TOTAL | R23: =F21+F22-H23 -> -0.2 | T23: =(F21+F22)/H23 -> 0.99966722
D25: STORAGE VOLUME | R25: Measure － Rated | T25: Measure ／ Rated
D26: compartment | F26: Measurement | H26: Rated Volume | R26: A-B:Difference | T26: A/B：Ratio
D27: Food freezer compartment | F27: ='73, IEC62552 2007'!J9 -> 177.9 | H27: =ROUND(F27,0) -> 178 | Q27: F | R27: =F27-H27 -> -0.1 | T27: =F27/H27 -> 0.9994382
D28: Fresh food compartment | F28: ='73, IEC62552 2007'!J10 -> 373 | H28: =ROUND(F28,0) -> 373 | Q28: R | R28: =F28-H28 -> 0 | T28: =F28/H28 -> 1
D29: Total | H29: =H27+H28 -> 551 | Q29: TOTAL | R29: =F27+F28-H29 -> -0.1 | T29: =(F27+F28)/H29 -> 0.99981851
B41: Conclusion | D41: Result of the measured Rated Volume complied with the IEC 62552:2007.
B51: Comment

Sheet 73, IEC62552 2007
D7: PV73K/KW, GV73J/JW TYPE VOLUME | J7: IEC62552:2007
J8: STORAGE | K8: GROSS
H9: FROZEN FOOD | J9: =J79 -> 177.9 | K9: =K79 -> 206.9
H10: FRESH FOOD | J10: =J183 -> 373 | K10: =K183 -> 393.9
D13: FROZEN FOOD
C14: NO. | D14: LOCATION | E14: ADD/MINUS | F14: DIMENSION(mm) | I14: VOLUME (L) | J14: IEC62552:2007
E15: Q'ty | F15: WIDTH | G15: HEIGHT | H15: DEPTH | J15: STORAGE | K15: GROSS
C16: F1 | D16: MAIN 1 | E16: 1 | F16: 630.6 | G16: 405.5 | H16: 462.5 | I16: =(E16*F16*G16*H16)/1000000 -> 118.26509 | J16: =I16 -> 118.26509 | K16: =I16 -> 118.26509
C17: F2 | D17: MAIN 2 | E17: 1 | F17: 630.6 | G17: 231.8 | H17: 358.5 | I17: =(E17*F17*G17*H17)/1000000 -> 52.403049 | J17: =I17 -> 52.403049 | K17: =I17 -> 52.403049
C18: F3 | D18: MAIN 3 | E18: 1 | F18: 630.6 | G18: 32.4 | H18: 47.1 | I18: =(E18*F18*G18*H18)/1000000 -> 0.96232082 | J18: =I18 -> 0.96232082 | K18: =I18 -> 0.96232082
C19: F4 | D19: F DOOR LINER | E19: 1 | F19: 647.5 | G19: 604.9 | H19: 19 | I19: =(E19*F19*G19*H19)/1000000 -> 7.4417823 | J19: =I19 -> 7.4417823 | K19: =I19 -> 7.4417823
C20: F5 | D20: F DOOR LINER TOP GAP | E20: 1 | F20: 664.1 | G20: 8.8 | H20: 5 | I20: =(E20*F20*G20*H20)/1000000 -> 0.0292204 | J20: =I20 -> 0.0292204 | K20: =I20 -> 0.0292204
C21: F6 | D21: F DOOR LINER CONVEX | E21: -3 | F21: 558.5 | G21: 164.7 | H21: 4 | I21: =(E21*F21*G21*H21)/1000000 -> -1.1038194 | J21: =I21 -> -1.1038194 | K21: =I21 -> -1.1038194
C22: F7 | D22: C-PART BACK | E22: 1 | F22: 630.6 | G22: 37.5 | H22: 299 | I22: =(E22*F22*G22*H22)/1000000 -> 7.0706025 | J22: =I22 -> 7.0706025 | K22: =I22 -> 7.0706025
C23: F8 | D23: C-PART SIDE 1 | E23: 2 | F23: 32.8 | G23: 37.5 | H23: 119 | I23: =(E23*F23*G23*H23)/1000000 -> 0.29274 | J23: =I23 -> 0.29274 | K23: =I23 -> 0.29274
C24: F9 | D24: C-PART SIDE 2 | E24: 2 | F24: 32.8 | G24: 29.5 | H24: 26.4 | I24: =(E24*F24*G24*H24)/1000000 -> 0.05108928 | J24: =I24 -> 0.05108928 | K24: =I24 -> 0.05108928
C25: F10 | D25: FAN LOUVER SIDE | E25: 2 | F25: 42 | G25: 439.1 | H25: 12 | I25: =(E25*F25*G25*H25)/1000000 -> 0.4426128 | J25: =I25 -> 0.4426128 | K25: =I25 -> 0.4426128
C26: F11 | D26: LAMP AREA | E26: 1 | F26: 190.4 | G26: 19 | H26: 32.1 | I26: =(E26*F26*G26*H26)/1000000 -> 0.11612496 | K26: =I26 -> 0.11612496
C27: F12 | D27: FOOD LINER RAIL CONVEX | E27: -4 | F27: 8 | G27: 12 | H27: 468.6 | I27: =(E27*F27*G27*H27)/1000000 -> -0.1799424 | J27: =I27 -> -0.1799424 | K27: =I27 -> -0.1799424
C28: F13 | D28: FOOD LINER RAIL CONVEX | E28: -2 | F28: 10 | G28: 17.2 | H28: 336.3 | I28: =(E28*F28*G28*H28)/1000000 -> -0.1156872 | J28: =I28 -> -0.1156872 | K28: =I28 -> -0.1156872
C29: F14 | D29: FOOD LINER RAIL CONCAVE | E29: 4 | F29: 6.5 | G29: 47 | H29: 425.6 | I29: =(E29*F29*G29*H29)/1000000 -> 0.5200832 | K29: =I29 -> 0.5200832
C30: F15 | D30: FOOD LINER RAIL CONCAVE | E30: 2 | F30: 6.2 | G30: 47 | H30: 344.7 | I30: =(E30*F30*G30*H30)/1000000 -> 0.20089116 | K30: =I30 -> 0.20089116
C31: F16 | D31: FOOD LINER RAIL CONVEX :2007 | E31: -4 | F31: 15.1 | G31: 45.7 | H31: 370.3 | I31: =(E31*F31*G31*H31)/1000000 -> -1.0221317 | J31: =I31 -> -1.0221317
C32: F17 | D32: FOOD LINER RAIL CONVEX :2007 | E32: -2 | F32: 15.4 | G32: 45.7 | H32: 298.6 | I32: =(E32*F32*G32*H32)/1000000 -> -0.42029742 | J32: =I32 -> -0.42029742
C33: F18 | D33: GAP CAB～DOOR | E33: 1 | F33: 681.8 | G33: 646.4 | H33: 17 | I33: =(E33*F33*G33*H33)/1000000 -> 7.4921638 | K33: =I33 -> 7.4921638
E34: -1 | F34: 664.1 | G34: 622.8 | H34: 17 | I34: =(E34*F34*G34*H34)/1000000 -> -7.0312252 | K34: =I34 -> -7.0312252
C35: F19 | D35: GAP CAB～DOOR | E35: 2 | F35: 17.5 | G35: 646.4 | H35: 5.9 | I35: =(E35*F35*G35*H35)/1000000 -> 0.1334816 | K35: =I35 -> 0.1334816
C36: F20 | D36: FAN LOUVER 1 | E36: -1 | F36: 333.6 | G36: 44.3 | H36: 63.5 | I36: =(E36*F36*G36*H36)/1000000 -> -0.93843348 | J36: =I36 -> -0.93843348
C37: F21 | D37: FAN LOUVER 2 :2015
C38: F22 | D38: FAN LOUVER 3 :2015
C39: F23 | D39: FAN LOUVER 4 | E39: -1 | F39: 333.6 | G39: 102.7 | H39: 41.5 | I39: =(E39*F39*G39*H39)/1000000 -> -1.4218199 | J39: =I39 -> -1.4218199
C40: F24 | D40: FAN LOUVER 5 :2015
C41: F25 | D41: FAN LOUVER 6 | E41: -1 | F41: 345.1 | G41: 61.1 | H41: 41.5 | I41: =(E41*F41*G41*H41)/1000000 -> -0.87505282 | J41: =I41 -> -0.87505282
C42: F26 | D42: FAN LOUVER 7 | E42: -1 | F42: 345.1 | G42: 8.2 | H42: 4.2 | I42: =(E42*F42*G42*H42)/1000000 -> -0.011885244 | J42: =I42 -> -0.011885244
C43: F27 | D43: FAN LOUVER 8 | E43: -1 | F43: 345.1 | G43: 12.7 | H43: 11 | I43: =(E43*F43*G43*H43)/1000000 -> -0.04821047 | J43: =I43 -> -0.04821047
C44: F28 | D44: FAN LOUVER 9 | E44: -1 | F44: 345.1 | G44: 19.2 | H44: 22 | I44: =(E44*F44*G44*H44)/1000000 -> -0.14577024 | J44: =I44 -> -0.14577024
C45: F29 | D45: FAN LOUVER 10 | E45: -1 | F45: 345.1 | G45: 152.5 | H45: 8 | I45: =(E45*F45*G45*H45)/1000000 -> -0.421022 | J45: =I45 -> -0.421022
C46: F30 | D46: FAN LOUVER 11 | E46: -1 | F46: 345.1 | G46: 18 | H46: 8.3 | I46: =(E46*F46*G46*H46)/1000000 -> -0.05155794 | J46: =I46 -> -0.05155794
C47: F31 | D47: FAN LOUVER 12 | E47: -1 | F47: 345.1 | G47: 11.2 | H47: 5.3 | I47: =(E47*F47*G47*H47)/1000000 -> -0.020485136 | J47: =I47 -> -0.020485136
C48: F32 | D48: FAN LOUVER 13 | E48: -1 | F48: 345.1 | G48: 19.7 | H48: 27 | I48: =(E48*F48*G48*H48)/1000000 -> -0.18355869 | J48: =I48 -> -0.18355869
C49: F33 | D49: FAN LOUVER 14 | E49: -1 | F49: 345.1 | G49: 9.2 | H49: 54 | I49: =(E49*F49*G49*H49)/1000000 -> -0.17144568 | J49: =I49 -> -0.17144568
C50: F34 | D50: FAN LOUVER 15 | E50: -1 | F50: 540.4 | G50: 44.8 | H50: 34 | I50: =(E50*F50*G50*H50)/1000000 -> -0.82313728 | J50: =I50 -> -0.82313728
C51: F35 | D51: FAN LOUVER 16 | E51: -1 | F51: 345.1 | G51: 8.9 | H51: 28 | I51: =(E51*F51*G51*H51)/1000000 -> -0.08599892 | J51: =I51 -> -0.08599892
C52: F36 | D52: FAN LOUVER 17 :2007 | E52: -1 | F52: 345.1 | G52: 35.3 | H52: 10 | I52: =(E52*F52*G52*H52)/1000000 -> -0.1218203 | J52: =I52 -> -0.1218203
... C54: F38 | D54: FAN LOUVER 19 :2007 | E54: -1 | F54: 540.4 | G54: 36.6 | H54: 15.7 | I54: =(E54*F54*G54*H54)/1000000 -> -0.31052465 | J54: =I54 -> -0.31052465
C55: F39 | D55: FAN LOUVER 20 :2015
C56: F40 | D56: FAN LOUVER 21 :2015
C57: F41 | D57: FAN LOUVER 22: :2015
C58: F42 | D58: FOOD LINER CORNER | E58: -2 | F58: 14 | G58: 6.6 | H58: =54+88.2+103.5 -> 245.7 | I58: =(E58*F58*G58*H58)/1000000 -> -0.04540536 | J58: =I58 -> -0.04540536 | K58: =I58 -> -0.04540536
C59: F43 | D59: EVA ROOM :2007 | E59: 1 | F59: 526.8 | G59: 404.2 | H59: 93 | I59: =(E59*F59*G59*H59)/1000000 -> 19.802728 | K59: =I59 -> 19.802728
C60: F44 | D60: EVA ROOM :2007 | E60: -1 | F60: 526.8 | G60: 17.3 | H60: 93 | I60: =(E60*F60*G60*H60)/1000000 -> -0.84756852 | K60: =I60 -> -0.84756852
C61: F45 | D61: EVA ROOM :2007 | E61: -1 | F61: 5.4 | G61: 243 | H61: 1.4 | I61: =(E61*F61*G61*H61)/1000000 -> -0.00183708 | K61: =I61 -> -0.00183708
C62: F46 | D62: EVA ROOM :2007 | E62: -1 | F62: 19 | G62: 313.6 | H62: 4.7 | I62: =(E62*F62*G62*H62)/1000000 -> -0.02800448 | K62: =I62 -> -0.02800448
C63: F47 | D63: EVA ROOM :2007 | E63: 1 | F63: 526.8 | G63: 95 | H63: 6 | I63: =(E63*F63*G63*H63)/1000000 -> 0.300276 | K63: =I63 -> 0.300276
C64: F48 | D64: EVA ROOM :2007 | E64: -2 | F64: 40 | G64: 29.4 | H64: 6 | I64: =(E64*F64*G64*H64)/1000000 -> -0.014112 | K64: =I64 -> -0.014112
C65: F49 | D65: EVA ROOM :2007 | E65: -1 | F65: 78.1 | G65: 28.2 | H65: 6 | I65: =(E65*F65*G65*H65)/1000000 -> -0.01321452 | K65: =I65 -> -0.01321452
C66: F50 | D66: EVA ROOM :2007 | E66: -1 | F66: 19 | G66: 78.9 | H66: 4.7 | I66: =(E66*F66*G66*H66)/1000000 -> -0.00704577 | K66: =I66 -> -0.00704577
C67: F51 | D67: EVA ROOM :2007 | E67: -1 | F67: 19 | G67: 107.1 | H67: 4.7 | I67: =(E67*F67*G67*H67)/1000000 -> -0.00956403 | K67: =I67 -> -0.00956403
C68: F52 | D68: DRIP TRAY :2007 | E68: 1 | F68: 526.8 | G68: 12.8 | H68: 91.4 | I68: =(E68*F68*G68*H68)/1000000 -> 0.61631386 | K68: =I68 -> 0.61631386
C69: F53 | D69: DRIP TRAY :2007 | E69: 1 | F69: 528.7 | G69: 8.1 | H69: 86 | I69: =(E69*F69*G69*H69)/1000000 -> 0.36829242 | K69: =I69 -> 0.36829242
C70: F54 | D70: EVA ROOM :2007 | E70: 2 | F70: 2.7 | G70: =66+12.8 -> 78.8 | H70: 76.4 | I70: =(E70*F70*G70*H70)/1000000 -> 0.032509728 | K70: =I70 -> 0.032509728
C71: F55 | D71: EVA ROOM :2007 | E71: -1 | F71: 18.8 | G71: 230.3 | H71: 24 | I71: =(E71*F71*G71*H71)/1000000 -> -0.10391136 | K71: =I71 -> -0.10391136
C72: F56 | D72: EVA ROOM :2007 | E72: -1 | F72: 21.9 | G72: 51.8 | H72: 24 | I72: =(E72*F72*G72*H72)/1000000 -> -0.02722608 | K72: =I72 -> -0.02722608
C73: F57 | D73: EVA ROOM :2007 | E73: -1 | F73: 81.7 | G73: 104.2 | H73: 19.7 | I73: =(E73*F73*G73*H73)/1000000 -> -0.16770886 | K73: =I73 -> -0.16770886
C74: F58 | D74: EVA ROOM :2007 | E74: 1 | F74: 26.3 | G74: 17.6 | H74: 19.7 | I74: =(E74*F74*G74*H74)/1000000 -> 0.009118736 | K74: =I74 -> 0.009118736
C75: F59 | D75: EVA ROOM :2007 | E75: 1 | F75: 131.4 | G75: 96 | H75: 4 | I75: =(E75*F75*G75*H75)/1000000 -> 0.0504576 | K75: =I75 -> 0.0504576
C76: F60 | D76: EVA ROOM :2007 | E76: 1 | F76: 66 | G76: 37 | H76: 5 | I76: =(E76*F76*G76*H76)/1000000 -> 0.01221 | K76: =I76 -> 0.01221
C77: F61 | D77: EVA ROOM :2007 | E77: 3 | F77: 210.9 | G77: 6.1 | H77: 4.5 | I77: =(E77*F77*G77*H77)/1000000 -> 0.017367615 | K77: =I77 -> 0.017367615
C78: F62 | D78: EVA ROOM :2007 | E78: 1 | F78: 18.9 | G78: 84 | H78: 6 | I78: =(E78*F78*G78*H78)/1000000 -> 0.0095256 | K78: =I78 -> 0.0095256
J79: =ROUND(SUM(J16:J78),1) -> 177.9 | K79: =ROUND(SUM(K16:K78),1) -> 206.9
D82: FRESH FOOD
C83: NO. | D83: LOCATION | E83: ADD/MINUS | F83: DIMENSION(mm) | I83: VOLUME (L) | J83: IEC62552:2007
F84: WIDTH | G84: HIGHT | H84: DEPTH | J84: STORAGE | K84: GROSS
C85: R1 | D85: MAIN 1 | E85: 1 | F85: 681.2 | G85: 943.2 | H85: 565.5 | I85: =(E85*F85*G85*H85)/1000000 -> 363.33818 | J85: =I85 -> 363.33818 | K85: =I85 -> 363.33818
C86: R2 | D86: FOOD LINER BACK SIDE CORNER | E86: -2 | F86: 46.3 | G86: 895.4 | H86: 15.1 | I86: =(E86*F86*G86*H86)/1000000 -> -1.252002 | J86: =I86 -> -1.252002 | K86: =I86 -> -1.252002
C87: R3 | D87: FOOD LINER BACK TOP CORNER | E87: -1 | F87: 676.5 | G87: 22.8 | H87: 45.5 | I87: =(E87*F87*G87*H87)/1000000 -> -0.7018011 | J87: =I87 -> -0.7018011 | K87: =I87 -> -0.7018011
C88: R4 | D88: FOOD LINER CORNER | E88: -2 | F88: 20.1 | G88: 10.1 | H88: 520 | I88: =(E88*F88*G88*H88)/1000000 -> -0.2111304 | J88: =I88 -> -0.2111304 | K88: =I88 -> -0.2111304
C89: R5 | D89: FOOD LINER TOP TRIANGLE | E89: -1 | F89: 588 | G89: 0.5 | H89: 457.8 | I89: =(E89*F89*G89*H89)/1000000 -> -0.1345932 | J89: =I89 -> -0.1345932 | K89: =I89 -> -0.1345932
C90: R6 | D90: FOOD LINER SIDE TRIANGLE L/R | E90: -2 | F90: 0.5 | G90: =42+56+126+84 -> 308 | H90: 400.8 | I90: =(E90*F90*G90*H90)/1000000 -> -0.1234464 | J90: =I90 -> -0.1234464 | K90: =I90 -> -0.1234464
C91: R7 | D91: FOOD LINER CONVEX | E91: -2 | F91: 3.4 | G91: 153 | H91: 494.9 | I91: =(E91*F91*G91*H91)/1000000 -> -0.51489396 | J91: =I91 -> -0.51489396 | K91: =I91 -> -0.51489396
C92: R7.1 | D92: FOOD LINER CONVEX | E92: -2 | F92: 3.4 | G92: 47 | H92: 28.9 | I92: =(E92*F92*G92*H92)/1000000 -> -0.00923644 | J92: =I92 -> -0.00923644 | K92: =I92 -> -0.00923644
C93: R7.2 | D93: FOOD LINER CONVEX | E93: -2 | F93: 3.4 | G93: 36.1 | H93: 494.9 | I93: =(E93*F93*G93*H93)/1000000 -> -0.12148805 | J93: =I93 -> -0.12148805 | K93: =I93 -> -0.12148805
C94: R7.3 | D94: FOOD LINER CONCAVE | E94: 2 | F94: 3.4 | G94: 11.6 | H94: 100 | I94: =(E94*F94*G94*H94)/1000000 -> 0.007888 | J94: =I94 -> 0.007888 | K94: =I94 -> 0.007888
C95: R7.4 | D95: FOOD LINER CONVEX | E95: -2 | F95: 3.4 | G95: 47 | H95: 100.8 | I95: =(E95*F95*G95*H95)/1000000 -> -0.03221568 | J95: =I95 -> -0.03221568 | K95: =I95 -> -0.03221568
C96: R8 | D96: R DOOR LINER UPPER1 | E96: 1 | F96: 646.2 | G96: 142 | H96: 59 | I96: =(E96*F96*G96*H96)/1000000 -> 5.4138636 | J96: =I96 -> 5.4138636 | K96: =I96 -> 5.4138636
C97: R9 | D97: R DOOR LINER UPPER2 | E97: 1 | F97: 646.2 | G97: 2.3 | H97: 14 | I97: =(E97*F97*G97*H97)/1000000 -> 0.02080764 | J97: =I97 -> 0.02080764 | K97: =I97 -> 0.02080764
C98: R10 | D98: R DOOR LINER LOWER1 | E98: 1 | F98: 646.2 | G98: 374 | H98: 59 | I98: =(E98*F98*G98*H98)/1000000 -> 14.259049 | J98: =I98 -> 14.259049 | K98: =I98 -> 14.259049
C99: R11 | D99: R DOOR LINER LOWER2 | E99: 1 | F99: 646.2 | G99: 355.8 | H99: 54 | I99: =(E99*F99*G99*H99)/1000000 -> 12.41557 | J99: =I99 -> 12.41557 | K99: =I99 -> 12.41557
C100: R12 | D100: R DOOR LINER LOWER3 | E100: 1 | F100: 646.2 | G100: 2.8 | H100: 13.7 | I100: =(E100*F100*G100*H100)/1000000 -> 0.024788232 | J100: =I100 -> 0.024788232 | K100: =I100 -> 0.024788232
C101: R13 | D101: R DOOR LINER GAP | E101: 1 | F101: 561.1 | G101: 11.8 | H101: 8.5 | I101: =(E101*F101*G101*H101)/1000000 -> 0.05627833 | J101: =I101 -> 0.05627833 | K101: =I101 -> 0.05627833
C102: R14 | D102: R DOOR LINER BACK SIDE CORNER | E102: -2 | F102: 9.7 | G102: =610.1+72.2 -> 682.3 | H102: 4.9 | I102: =(E102*F102*G102*H102)/1000000 -> -0.064859438 | J102: =I102 -> -0.064859438 | K102: =I102 -> -0.064859438
C103: R15 | D103: R DOOR LINER BACK TOP CORNER | E103: -2 | F103: 644.8 | G103: 9.7 | H103: 4.9 | I103: =(E103*F103*G103*H103)/1000000 -> -0.061294688 | J103: =I103 -> -0.061294688 | K103: =I103 -> -0.061294688
C104: R16 | D104: R DOOR LINER BACK BOTTOM CORNER | E104: -2 | F104: 617.2 | G104: 9.7 | H104: 4.9 | I104: =(E104*F104*G104*H104)/1000000 -> -0.058671032 | J104: =I104 -> -0.058671032 | K104: =I104 -> -0.058671032
C105: R17 | D105: R DOOR LINER UPPER BACK CONVEX | E105: -2 | F105: 14 | G105: 68 | H105: 17 | I105: =(E105*F105*G105*H105)/1000000 -> -0.032368 | J105: =I105 -> -0.032368 | K105: =I105 -> -0.032368
C106: R18 | D106: R DOOR LINER LOWER BACK CONVEX | E106: -2 | F106: 13.5 | G106: 114.4 | H106: 12 | I106: =(E106*F106*G106*H106)/1000000 -> -0.0370656 | J106: =I106 -> -0.0370656 | K106: =I106 -> -0.0370656
C107: R19 | D107: R DOOR LINER POCKET CONVEX | E107: -10 | F107: 8.8 | G107: 22 | H107: 15 | I107: =(E107*F107*G107*H107)/1000000 -> -0.02904 | J107: =I107 -> -0.02904 | K107: =I107 -> -0.02904
C108: R20 | D108: R DOOR LINER POCKET CONVEX BACK | E108: -4 | F108: 8.8 | G108: 22 | H108: 16.5 | I108: =(E108*F108*G108*H108)/1000000 -> -0.0127776 | J108: =I108 -> -0.0127776 | K108: =I108 -> -0.0127776
C109: R21 | D109: R SHOWER DUCT 1 | E109: -1 | F109: 233.2 | G109: 586.6 | H109: 27.6 | I109: =(E109*F109*G109*H109)/1000000 -> -3.7755453 | J109: =I109 -> -3.7755453
C110: R22 | D110: R SHOWER DUCT 2 | E110: -2 | F110: 183.6 | G110: 586.6 | H110: 22.5 | I110: =(E110*F110*G110*H110)/1000000 -> -4.8464892 | J110: =I110 -> -4.8464892
C111: R23 | D111: R SHOWER DUCT 3 | E111: -2 | F111: 38.5 | G111: 575.4 | H111: 2.1 | I111: =(E111*F111*G111*H111)/1000000 -> -0.09304218 | J111: =I111 -> -0.09304218
...

Sheet SIGN
D1: Ref. Eng. | I1: Standard checked
B2: approved | C2: checked | F2: charge | H2: checked | I2: checked
K8: ③
K9: ②
K10: ①
K11: No. | L11: Date | M11: Revise | N11: Approval
